SNID	redshift	err_redshift	u	g	r	i	z	err_u	err_g	err_r	err_i	err_z
219	0.016982	0.000130	15.937	14.022	13.162	12.756	12.420	0.03	0.03	0.03	0.03	0.03
524	0.008106	0.000093	13.345	11.419	10.502	10.011	9.702	0.03	0.03	0.03	0.03	0.03
299	0.0010	0.0001	12.841	12.084	11.474	11.323	11.054	0.03	0.03	0.03	0.03	0.03
82	0.00073	0.00009	10.593	9.086	8.310	7.719	7.325	0.03	0.03	0.03	0.03	0.03